Year,Quarter,Month,Day,Month Number,Year-Month
2024,Qtr 1,January,1,1,2024-01
2024,Qtr 1,January,2,1,2024-01
2024,Qtr 1,January,3,1,2024-01
2024,Qtr 1,January,4,1,2024-01
2024,Qtr 1,January,5,1,2024-01
2024,Qtr 1,January,6,1,2024-01
2024,Qtr 1,January,7,1,2024-01
2024,Qtr 1,January,8,1,2024-01
2024,Qtr 1,January,9,1,2024-01
2024,Qtr 1,January,10,1,2024-01
2024,Qtr 1,January,11,1,2024-01
2024,Qtr 1,January,12,1,2024-01
2024,Qtr 1,January,13,1,2024-01
2024,Qtr 1,January,14,1,2024-01
2024,Qtr 1,January,15,1,2024-01
2024,Qtr 1,January,16,1,2024-01
2024,Qtr 1,January,17,1,2024-01
2024,Qtr 1,January,18,1,2024-01
2024,Qtr 1,January,19,1,2024-01
2024,Qtr 1,January,20,1,2024-01
2024,Qtr 1,January,21,1,2024-01
2024,Qtr 1,January,22,1,2024-01
2024,Qtr 1,January,23,1,2024-01
2024,Qtr 1,January,24,1,2024-01
2024,Qtr 1,January,25,1,2024-01
2024,Qtr 1,January,26,1,2024-01
2024,Qtr 1,January,27,1,2024-01
2024,Qtr 1,January,28,1,2024-01
2024,Qtr 1,January,29,1,2024-01
2024,Qtr 1,January,30,1,2024-01
2024,Qtr 1,January,31,1,2024-01
2024,Qtr 1,February,1,2,2024-02
2024,Qtr 1,February,2,2,2024-02
2024,Qtr 1,February,3,2,2024-02
2024,Qtr 1,February,4,2,2024-02
2024,Qtr 1,February,5,2,2024-02
2024,Qtr 1,February,6,2,2024-02
2024,Qtr 1,February,7,2,2024-02
2024,Qtr 1,February,8,2,2024-02
2024,Qtr 1,February,9,2,2024-02
2024,Qtr 1,February,10,2,2024-02
2024,Qtr 1,February,11,2,2024-02
2024,Qtr 1,February,12,2,2024-02
2024,Qtr 1,February,13,2,2024-02
2024,Qtr 1,February,14,2,2024-02
2024,Qtr 1,February,15,2,2024-02
2024,Qtr 1,February,16,2,2024-02
2024,Qtr 1,February,17,2,2024-02
2024,Qtr 1,February,18,2,2024-02
2024,Qtr 1,February,19,2,2024-02
2024,Qtr 1,February,20,2,2024-02
2024,Qtr 1,February,21,2,2024-02
2024,Qtr 1,February,22,2,2024-02
2024,Qtr 1,February,23,2,2024-02
2024,Qtr 1,February,24,2,2024-02
2024,Qtr 1,February,25,2,2024-02
2024,Qtr 1,February,26,2,2024-02
2024,Qtr 1,February,27,2,2024-02
2024,Qtr 1,February,28,2,2024-02
2024,Qtr 1,February,29,2,2024-02
2024,Qtr 1,March,1,3,2024-03
2024,Qtr 1,March,2,3,2024-03
2024,Qtr 1,March,3,3,2024-03
2024,Qtr 1,March,4,3,2024-03
2024,Qtr 1,March,5,3,2024-03
2024,Qtr 1,March,6,3,2024-03
2024,Qtr 1,March,7,3,2024-03
2024,Qtr 1,March,8,3,2024-03
2024,Qtr 1,March,9,3,2024-03
2024,Qtr 1,March,10,3,2024-03
2024,Qtr 1,March,11,3,2024-03
2024,Qtr 1,March,12,3,2024-03
2024,Qtr 1,March,13,3,2024-03
2024,Qtr 1,March,14,3,2024-03
2024,Qtr 1,March,15,3,2024-03
2024,Qtr 1,March,16,3,2024-03
2024,Qtr 1,March,17,3,2024-03
2024,Qtr 1,March,18,3,2024-03
2024,Qtr 1,March,19,3,2024-03
2024,Qtr 1,March,20,3,2024-03
2024,Qtr 1,March,21,3,2024-03
2024,Qtr 1,March,22,3,2024-03
2024,Qtr 1,March,23,3,2024-03
2024,Qtr 1,March,24,3,2024-03
2024,Qtr 1,March,25,3,2024-03
2024,Qtr 1,March,26,3,2024-03
2024,Qtr 1,March,27,3,2024-03
2024,Qtr 1,March,28,3,2024-03
2024,Qtr 1,March,29,3,2024-03
2024,Qtr 1,March,30,3,2024-03
2024,Qtr 1,March,31,3,2024-03
2024,Qtr 2,April,1,4,2024-04
2024,Qtr 2,April,2,4,2024-04
2024,Qtr 2,April,3,4,2024-04
2024,Qtr 2,April,4,4,2024-04
2024,Qtr 2,April,5,4,2024-04
2024,Qtr 2,April,6,4,2024-04
2024,Qtr 2,April,7,4,2024-04
2024,Qtr 2,April,8,4,2024-04
2024,Qtr 2,April,9,4,2024-04
2024,Qtr 2,April,10,4,2024-04
2024,Qtr 2,April,11,4,2024-04
2024,Qtr 2,April,12,4,2024-04
2024,Qtr 2,April,13,4,2024-04
2024,Qtr 2,April,14,4,2024-04
2024,Qtr 2,April,15,4,2024-04
2024,Qtr 2,April,16,4,2024-04
2024,Qtr 2,April,17,4,2024-04
2024,Qtr 2,April,18,4,2024-04
2024,Qtr 2,April,19,4,2024-04
2024,Qtr 2,April,20,4,2024-04
2024,Qtr 2,April,21,4,2024-04
2024,Qtr 2,April,22,4,2024-04
2024,Qtr 2,April,23,4,2024-04
2024,Qtr 2,April,24,4,2024-04
2024,Qtr 2,April,25,4,2024-04
2024,Qtr 2,April,26,4,2024-04
2024,Qtr 2,April,27,4,2024-04
2024,Qtr 2,April,28,4,2024-04
2024,Qtr 2,April,29,4,2024-04
2024,Qtr 2,April,30,4,2024-04
2024,Qtr 2,May,1,5,2024-05
2024,Qtr 2,May,2,5,2024-05
2024,Qtr 2,May,3,5,2024-05
2024,Qtr 2,May,4,5,2024-05
2024,Qtr 2,May,5,5,2024-05
2024,Qtr 2,May,6,5,2024-05
2024,Qtr 2,May,7,5,2024-05
2024,Qtr 2,May,8,5,2024-05
2024,Qtr 2,May,9,5,2024-05
2024,Qtr 2,May,10,5,2024-05
2024,Qtr 2,May,11,5,2024-05
2024,Qtr 2,May,12,5,2024-05
2024,Qtr 2,May,13,5,2024-05
2024,Qtr 2,May,14,5,2024-05
2024,Qtr 2,May,15,5,2024-05
2024,Qtr 2,May,16,5,2024-05
2024,Qtr 2,May,17,5,2024-05
2024,Qtr 2,May,18,5,2024-05
2024,Qtr 2,May,19,5,2024-05
2024,Qtr 2,May,20,5,2024-05
2024,Qtr 2,May,21,5,2024-05
2024,Qtr 2,May,22,5,2024-05
2024,Qtr 2,May,23,5,2024-05
2024,Qtr 2,May,24,5,2024-05
2024,Qtr 2,May,25,5,2024-05
2024,Qtr 2,May,26,5,2024-05
2024,Qtr 2,May,27,5,2024-05
2024,Qtr 2,May,28,5,2024-05
2024,Qtr 2,May,29,5,2024-05
2024,Qtr 2,May,30,5,2024-05
2024,Qtr 2,May,31,5,2024-05
2024,Qtr 2,June,1,6,2024-06
2024,Qtr 2,June,2,6,2024-06
2024,Qtr 2,June,3,6,2024-06
2024,Qtr 2,June,4,6,2024-06
2024,Qtr 2,June,5,6,2024-06
2024,Qtr 2,June,6,6,2024-06
2024,Qtr 2,June,7,6,2024-06
2024,Qtr 2,June,8,6,2024-06
2024,Qtr 2,June,9,6,2024-06
2024,Qtr 2,June,10,6,2024-06
2024,Qtr 2,June,11,6,2024-06
2024,Qtr 2,June,12,6,2024-06
2024,Qtr 2,June,13,6,2024-06
2024,Qtr 2,June,14,6,2024-06
2024,Qtr 2,June,15,6,2024-06
2024,Qtr 2,June,16,6,2024-06
2024,Qtr 2,June,17,6,2024-06
2024,Qtr 2,June,18,6,2024-06
2024,Qtr 2,June,19,6,2024-06
2024,Qtr 2,June,20,6,2024-06
2024,Qtr 2,June,21,6,2024-06
2024,Qtr 2,June,22,6,2024-06
2024,Qtr 2,June,23,6,2024-06
2024,Qtr 2,June,24,6,2024-06
2024,Qtr 2,June,25,6,2024-06
2024,Qtr 2,June,26,6,2024-06
2024,Qtr 2,June,27,6,2024-06
2024,Qtr 2,June,28,6,2024-06
2024,Qtr 2,June,29,6,2024-06
2024,Qtr 2,June,30,6,2024-06
2024,Qtr 3,July,1,7,2024-07
2024,Qtr 3,July,2,7,2024-07
2024,Qtr 3,July,3,7,2024-07
2024,Qtr 3,July,4,7,2024-07
2024,Qtr 3,July,5,7,2024-07
2024,Qtr 3,July,6,7,2024-07
2024,Qtr 3,July,7,7,2024-07
2024,Qtr 3,July,8,7,2024-07
2024,Qtr 3,July,9,7,2024-07
2024,Qtr 3,July,10,7,2024-07
2024,Qtr 3,July,11,7,2024-07
2024,Qtr 3,July,12,7,2024-07
2024,Qtr 3,July,13,7,2024-07
2024,Qtr 3,July,14,7,2024-07
2024,Qtr 3,July,15,7,2024-07
2024,Qtr 3,July,16,7,2024-07
2024,Qtr 3,July,17,7,2024-07
2024,Qtr 3,July,18,7,2024-07
2024,Qtr 3,July,19,7,2024-07
2024,Qtr 3,July,20,7,2024-07
2024,Qtr 3,July,21,7,2024-07
2024,Qtr 3,July,22,7,2024-07
2024,Qtr 3,July,23,7,2024-07
2024,Qtr 3,July,24,7,2024-07
2024,Qtr 3,July,25,7,2024-07
2024,Qtr 3,July,26,7,2024-07
2024,Qtr 3,July,27,7,2024-07
2024,Qtr 3,July,28,7,2024-07
2024,Qtr 3,July,29,7,2024-07
2024,Qtr 3,July,30,7,2024-07
2024,Qtr 3,July,31,7,2024-07
2024,Qtr 3,August,1,8,2024-08
2024,Qtr 3,August,2,8,2024-08
2024,Qtr 3,August,3,8,2024-08
2024,Qtr 3,August,4,8,2024-08
2024,Qtr 3,August,5,8,2024-08
2024,Qtr 3,August,6,8,2024-08
2024,Qtr 3,August,7,8,2024-08
2024,Qtr 3,August,8,8,2024-08
2024,Qtr 3,August,9,8,2024-08
2024,Qtr 3,August,10,8,2024-08
2024,Qtr 3,August,11,8,2024-08
2024,Qtr 3,August,12,8,2024-08
2024,Qtr 3,August,13,8,2024-08
2024,Qtr 3,August,14,8,2024-08
2024,Qtr 3,August,15,8,2024-08
2024,Qtr 3,August,16,8,2024-08
2024,Qtr 3,August,17,8,2024-08
2024,Qtr 3,August,18,8,2024-08
2024,Qtr 3,August,19,8,2024-08
2024,Qtr 3,August,20,8,2024-08
2024,Qtr 3,August,21,8,2024-08
2024,Qtr 3,August,22,8,2024-08
2024,Qtr 3,August,23,8,2024-08
2024,Qtr 3,August,24,8,2024-08
2024,Qtr 3,August,25,8,2024-08
2024,Qtr 3,August,26,8,2024-08
2024,Qtr 3,August,27,8,2024-08
2024,Qtr 3,August,28,8,2024-08
2024,Qtr 3,August,29,8,2024-08
2024,Qtr 3,August,30,8,2024-08
2024,Qtr 3,August,31,8,2024-08
2024,Qtr 3,September,1,9,2024-09
2024,Qtr 3,September,2,9,2024-09
2024,Qtr 3,September,3,9,2024-09
2024,Qtr 3,September,4,9,2024-09
2024,Qtr 3,September,5,9,2024-09
2024,Qtr 3,September,6,9,2024-09
2024,Qtr 3,September,7,9,2024-09
2024,Qtr 3,September,8,9,2024-09
2024,Qtr 3,September,9,9,2024-09
2024,Qtr 3,September,10,9,2024-09
2024,Qtr 3,September,11,9,2024-09
2024,Qtr 3,September,12,9,2024-09
2024,Qtr 3,September,13,9,2024-09
2024,Qtr 3,September,14,9,2024-09
2024,Qtr 3,September,15,9,2024-09
2024,Qtr 3,September,16,9,2024-09
2024,Qtr 3,September,17,9,2024-09
2024,Qtr 3,September,18,9,2024-09
2024,Qtr 3,September,19,9,2024-09
2024,Qtr 3,September,20,9,2024-09
2024,Qtr 3,September,21,9,2024-09
2024,Qtr 3,September,22,9,2024-09
2024,Qtr 3,September,23,9,2024-09
2024,Qtr 3,September,24,9,2024-09
2024,Qtr 3,September,25,9,2024-09
2024,Qtr 3,September,26,9,2024-09
2024,Qtr 3,September,27,9,2024-09
2024,Qtr 3,September,28,9,2024-09
2024,Qtr 3,September,29,9,2024-09
2024,Qtr 3,September,30,9,2024-09
2024,Qtr 4,October,1,10,2024-10
2024,Qtr 4,October,2,10,2024-10
2024,Qtr 4,October,3,10,2024-10
2024,Qtr 4,October,4,10,2024-10
2024,Qtr 4,October,5,10,2024-10
2024,Qtr 4,October,6,10,2024-10
2024,Qtr 4,October,7,10,2024-10
2024,Qtr 4,October,8,10,2024-10
2024,Qtr 4,October,9,10,2024-10
2024,Qtr 4,October,10,10,2024-10
2024,Qtr 4,October,11,10,2024-10
2024,Qtr 4,October,12,10,2024-10
2024,Qtr 4,October,13,10,2024-10
2024,Qtr 4,October,14,10,2024-10
2024,Qtr 4,October,15,10,2024-10
2024,Qtr 4,October,16,10,2024-10
2024,Qtr 4,October,17,10,2024-10
2024,Qtr 4,October,18,10,2024-10
2024,Qtr 4,October,19,10,2024-10
2024,Qtr 4,October,20,10,2024-10
2024,Qtr 4,October,21,10,2024-10
2024,Qtr 4,October,22,10,2024-10
2024,Qtr 4,October,23,10,2024-10
2024,Qtr 4,October,24,10,2024-10
2024,Qtr 4,October,25,10,2024-10
2024,Qtr 4,October,26,10,2024-10
2024,Qtr 4,October,27,10,2024-10
2024,Qtr 4,October,28,10,2024-10
2024,Qtr 4,October,29,10,2024-10
2024,Qtr 4,October,30,10,2024-10
2024,Qtr 4,October,31,10,2024-10
2024,Qtr 4,November,1,11,2024-11
2024,Qtr 4,November,2,11,2024-11
2024,Qtr 4,November,3,11,2024-11
2024,Qtr 4,November,4,11,2024-11
2024,Qtr 4,November,5,11,2024-11
2024,Qtr 4,November,6,11,2024-11
2024,Qtr 4,November,7,11,2024-11
2024,Qtr 4,November,8,11,2024-11
2024,Qtr 4,November,9,11,2024-11
2024,Qtr 4,November,10,11,2024-11
2024,Qtr 4,November,11,11,2024-11
2024,Qtr 4,November,12,11,2024-11
2024,Qtr 4,November,13,11,2024-11
2024,Qtr 4,November,14,11,2024-11
2024,Qtr 4,November,15,11,2024-11
2024,Qtr 4,November,16,11,2024-11
2024,Qtr 4,November,17,11,2024-11
2024,Qtr 4,November,18,11,2024-11
2024,Qtr 4,November,19,11,2024-11
2024,Qtr 4,November,20,11,2024-11
2024,Qtr 4,November,21,11,2024-11
2024,Qtr 4,November,22,11,2024-11
2024,Qtr 4,November,23,11,2024-11
2024,Qtr 4,November,24,11,2024-11
2024,Qtr 4,November,25,11,2024-11
2024,Qtr 4,November,26,11,2024-11
2024,Qtr 4,November,27,11,2024-11
2024,Qtr 4,November,28,11,2024-11
2024,Qtr 4,November,29,11,2024-11
2024,Qtr 4,November,30,11,2024-11
2024,Qtr 4,December,1,12,2024-12
2024,Qtr 4,December,2,12,2024-12
2024,Qtr 4,December,3,12,2024-12
2024,Qtr 4,December,4,12,2024-12
2024,Qtr 4,December,5,12,2024-12
2024,Qtr 4,December,6,12,2024-12
2024,Qtr 4,December,7,12,2024-12
2024,Qtr 4,December,8,12,2024-12
2024,Qtr 4,December,9,12,2024-12
2024,Qtr 4,December,10,12,2024-12
2024,Qtr 4,December,11,12,2024-12
2024,Qtr 4,December,12,12,2024-12
2024,Qtr 4,December,13,12,2024-12
2024,Qtr 4,December,14,12,2024-12
2024,Qtr 4,December,15,12,2024-12
2024,Qtr 4,December,16,12,2024-12
2024,Qtr 4,December,17,12,2024-12
2024,Qtr 4,December,18,12,2024-12
2024,Qtr 4,December,19,12,2024-12
2024,Qtr 4,December,20,12,2024-12
2024,Qtr 4,December,21,12,2024-12
2024,Qtr 4,December,22,12,2024-12
2024,Qtr 4,December,23,12,2024-12
2024,Qtr 4,December,24,12,2024-12
2024,Qtr 4,December,25,12,2024-12
2024,Qtr 4,December,26,12,2024-12
2024,Qtr 4,December,27,12,2024-12
2024,Qtr 4,December,28,12,2024-12
2024,Qtr 4,December,29,12,2024-12
2024,Qtr 4,December,30,12,2024-12
2024,Qtr 4,December,31,12,2024-12
2025,Qtr 1,January,1,1,2025-01
2025,Qtr 1,January,2,1,2025-01
2025,Qtr 1,January,3,1,2025-01
2025,Qtr 1,January,4,1,2025-01
2025,Qtr 1,January,5,1,2025-01
2025,Qtr 1,January,6,1,2025-01
2025,Qtr 1,January,7,1,2025-01
2025,Qtr 1,January,8,1,2025-01
2025,Qtr 1,January,9,1,2025-01
2025,Qtr 1,January,10,1,2025-01
2025,Qtr 1,January,11,1,2025-01
2025,Qtr 1,January,12,1,2025-01
2025,Qtr 1,January,13,1,2025-01
2025,Qtr 1,January,14,1,2025-01
2025,Qtr 1,January,15,1,2025-01
2025,Qtr 1,January,16,1,2025-01
2025,Qtr 1,January,17,1,2025-01
2025,Qtr 1,January,18,1,2025-01
2025,Qtr 1,January,19,1,2025-01
2025,Qtr 1,January,20,1,2025-01
2025,Qtr 1,January,21,1,2025-01
2025,Qtr 1,January,22,1,2025-01
2025,Qtr 1,January,23,1,2025-01
2025,Qtr 1,January,24,1,2025-01
2025,Qtr 1,January,25,1,2025-01
2025,Qtr 1,January,26,1,2025-01
2025,Qtr 1,January,27,1,2025-01
2025,Qtr 1,January,28,1,2025-01
2025,Qtr 1,January,29,1,2025-01
2025,Qtr 1,January,30,1,2025-01
2025,Qtr 1,January,31,1,2025-01
2025,Qtr 1,February,1,2,2025-02
2025,Qtr 1,February,2,2,2025-02
2025,Qtr 1,February,3,2,2025-02
2025,Qtr 1,February,4,2,2025-02
2025,Qtr 1,February,5,2,2025-02
2025,Qtr 1,February,6,2,2025-02
2025,Qtr 1,February,7,2,2025-02
2025,Qtr 1,February,8,2,2025-02
2025,Qtr 1,February,9,2,2025-02
2025,Qtr 1,February,10,2,2025-02
2025,Qtr 1,February,11,2,2025-02
2025,Qtr 1,February,12,2,2025-02
2025,Qtr 1,February,13,2,2025-02
2025,Qtr 1,February,14,2,2025-02
2025,Qtr 1,February,15,2,2025-02
2025,Qtr 1,February,16,2,2025-02
2025,Qtr 1,February,17,2,2025-02
2025,Qtr 1,February,18,2,2025-02
2025,Qtr 1,February,19,2,2025-02
2025,Qtr 1,February,20,2,2025-02
2025,Qtr 1,February,21,2,2025-02
2025,Qtr 1,February,22,2,2025-02
2025,Qtr 1,February,23,2,2025-02
2025,Qtr 1,February,24,2,2025-02
2025,Qtr 1,February,25,2,2025-02
2025,Qtr 1,February,26,2,2025-02
2025,Qtr 1,February,27,2,2025-02
2025,Qtr 1,February,28,2,2025-02
2025,Qtr 1,March,1,3,2025-03
2025,Qtr 1,March,2,3,2025-03
2025,Qtr 1,March,3,3,2025-03
2025,Qtr 1,March,4,3,2025-03
2025,Qtr 1,March,5,3,2025-03
2025,Qtr 1,March,6,3,2025-03
2025,Qtr 1,March,7,3,2025-03
2025,Qtr 1,March,8,3,2025-03
2025,Qtr 1,March,9,3,2025-03
2025,Qtr 1,March,10,3,2025-03
2025,Qtr 1,March,11,3,2025-03
2025,Qtr 1,March,12,3,2025-03
2025,Qtr 1,March,13,3,2025-03
2025,Qtr 1,March,14,3,2025-03
2025,Qtr 1,March,15,3,2025-03
2025,Qtr 1,March,16,3,2025-03
2025,Qtr 1,March,17,3,2025-03
2025,Qtr 1,March,18,3,2025-03
2025,Qtr 1,March,19,3,2025-03
2025,Qtr 1,March,20,3,2025-03
2025,Qtr 1,March,21,3,2025-03
2025,Qtr 1,March,22,3,2025-03
2025,Qtr 1,March,23,3,2025-03
2025,Qtr 1,March,24,3,2025-03
2025,Qtr 1,March,25,3,2025-03
2025,Qtr 1,March,26,3,2025-03
2025,Qtr 1,March,27,3,2025-03
2025,Qtr 1,March,28,3,2025-03
2025,Qtr 1,March,29,3,2025-03
2025,Qtr 1,March,30,3,2025-03
2025,Qtr 1,March,31,3,2025-03
2025,Qtr 2,April,1,4,2025-04
2025,Qtr 2,April,2,4,2025-04
2025,Qtr 2,April,3,4,2025-04
2025,Qtr 2,April,4,4,2025-04
2025,Qtr 2,April,5,4,2025-04
2025,Qtr 2,April,6,4,2025-04
2025,Qtr 2,April,7,4,2025-04
2025,Qtr 2,April,8,4,2025-04
2025,Qtr 2,April,9,4,2025-04
2025,Qtr 2,April,10,4,2025-04
2025,Qtr 2,April,11,4,2025-04
2025,Qtr 2,April,12,4,2025-04
2025,Qtr 2,April,13,4,2025-04
2025,Qtr 2,April,14,4,2025-04
2025,Qtr 2,April,15,4,2025-04
2025,Qtr 2,April,16,4,2025-04
2025,Qtr 2,April,17,4,2025-04
2025,Qtr 2,April,18,4,2025-04
2025,Qtr 2,April,19,4,2025-04
2025,Qtr 2,April,20,4,2025-04
2025,Qtr 2,April,21,4,2025-04
2025,Qtr 2,April,22,4,2025-04
2025,Qtr 2,April,23,4,2025-04
2025,Qtr 2,April,24,4,2025-04
2025,Qtr 2,April,25,4,2025-04
2025,Qtr 2,April,26,4,2025-04
2025,Qtr 2,April,27,4,2025-04
2025,Qtr 2,April,28,4,2025-04
2025,Qtr 2,April,29,4,2025-04
2025,Qtr 2,April,30,4,2025-04
2025,Qtr 2,May,1,5,2025-05
2025,Qtr 2,May,2,5,2025-05
2025,Qtr 2,May,3,5,2025-05
2025,Qtr 2,May,4,5,2025-05
2025,Qtr 2,May,5,5,2025-05
2025,Qtr 2,May,6,5,2025-05
2025,Qtr 2,May,7,5,2025-05
2025,Qtr 2,May,8,5,2025-05
2025,Qtr 2,May,9,5,2025-05
2025,Qtr 2,May,10,5,2025-05
2025,Qtr 2,May,11,5,2025-05
2025,Qtr 2,May,12,5,2025-05
2025,Qtr 2,May,13,5,2025-05
2025,Qtr 2,May,14,5,2025-05
2025,Qtr 2,May,15,5,2025-05
2025,Qtr 2,May,16,5,2025-05
2025,Qtr 2,May,17,5,2025-05
2025,Qtr 2,May,18,5,2025-05
2025,Qtr 2,May,19,5,2025-05
2025,Qtr 2,May,20,5,2025-05
2025,Qtr 2,May,21,5,2025-05
2025,Qtr 2,May,22,5,2025-05
2025,Qtr 2,May,23,5,2025-05
2025,Qtr 2,May,24,5,2025-05
2025,Qtr 2,May,25,5,2025-05
2025,Qtr 2,May,26,5,2025-05
2025,Qtr 2,May,27,5,2025-05
2025,Qtr 2,May,28,5,2025-05
2025,Qtr 2,May,29,5,2025-05
2025,Qtr 2,May,30,5,2025-05
2025,Qtr 2,May,31,5,2025-05
2025,Qtr 2,June,1,6,2025-06
2025,Qtr 2,June,2,6,2025-06
2025,Qtr 2,June,3,6,2025-06
2025,Qtr 2,June,4,6,2025-06
2025,Qtr 2,June,5,6,2025-06
2025,Qtr 2,June,6,6,2025-06
2025,Qtr 2,June,7,6,2025-06
2025,Qtr 2,June,8,6,2025-06
2025,Qtr 2,June,9,6,2025-06
2025,Qtr 2,June,10,6,2025-06
2025,Qtr 2,June,11,6,2025-06
2025,Qtr 2,June,12,6,2025-06
2025,Qtr 2,June,13,6,2025-06
2025,Qtr 2,June,14,6,2025-06
2025,Qtr 2,June,15,6,2025-06
2025,Qtr 2,June,16,6,2025-06
2025,Qtr 2,June,17,6,2025-06
2025,Qtr 2,June,18,6,2025-06
2025,Qtr 2,June,19,6,2025-06
2025,Qtr 2,June,20,6,2025-06
2025,Qtr 2,June,21,6,2025-06
2025,Qtr 2,June,22,6,2025-06
2025,Qtr 2,June,23,6,2025-06
2025,Qtr 2,June,24,6,2025-06
2025,Qtr 2,June,25,6,2025-06
2025,Qtr 2,June,26,6,2025-06
2025,Qtr 2,June,27,6,2025-06
2025,Qtr 2,June,28,6,2025-06
2025,Qtr 2,June,29,6,2025-06
2025,Qtr 2,June,30,6,2025-06
2025,Qtr 3,July,1,7,2025-07
2025,Qtr 3,July,2,7,2025-07
2025,Qtr 3,July,3,7,2025-07
2025,Qtr 3,July,4,7,2025-07
2025,Qtr 3,July,5,7,2025-07
2025,Qtr 3,July,6,7,2025-07
2025,Qtr 3,July,7,7,2025-07
2025,Qtr 3,July,8,7,2025-07
2025,Qtr 3,July,9,7,2025-07
2025,Qtr 3,July,10,7,2025-07
2025,Qtr 3,July,11,7,2025-07
2025,Qtr 3,July,12,7,2025-07
2025,Qtr 3,July,13,7,2025-07
2025,Qtr 3,July,14,7,2025-07
2025,Qtr 3,July,15,7,2025-07
2025,Qtr 3,July,16,7,2025-07
2025,Qtr 3,July,17,7,2025-07
2025,Qtr 3,July,18,7,2025-07
2025,Qtr 3,July,19,7,2025-07
2025,Qtr 3,July,20,7,2025-07
2025,Qtr 3,July,21,7,2025-07
2025,Qtr 3,July,22,7,2025-07
2025,Qtr 3,July,23,7,2025-07
2025,Qtr 3,July,24,7,2025-07
2025,Qtr 3,July,25,7,2025-07
2025,Qtr 3,July,26,7,2025-07
2025,Qtr 3,July,27,7,2025-07
2025,Qtr 3,July,28,7,2025-07
2025,Qtr 3,July,29,7,2025-07
2025,Qtr 3,July,30,7,2025-07
2025,Qtr 3,July,31,7,2025-07
2025,Qtr 3,August,1,8,2025-08
2025,Qtr 3,August,2,8,2025-08
2025,Qtr 3,August,3,8,2025-08
2025,Qtr 3,August,4,8,2025-08
2025,Qtr 3,August,5,8,2025-08
2025,Qtr 3,August,6,8,2025-08
2025,Qtr 3,August,7,8,2025-08
2025,Qtr 3,August,8,8,2025-08
2025,Qtr 3,August,9,8,2025-08
2025,Qtr 3,August,10,8,2025-08
2025,Qtr 3,August,11,8,2025-08
2025,Qtr 3,August,12,8,2025-08
2025,Qtr 3,August,13,8,2025-08
2025,Qtr 3,August,14,8,2025-08
2025,Qtr 3,August,15,8,2025-08
2025,Qtr 3,August,16,8,2025-08
2025,Qtr 3,August,17,8,2025-08
2025,Qtr 3,August,18,8,2025-08
2025,Qtr 3,August,19,8,2025-08
2025,Qtr 3,August,20,8,2025-08
2025,Qtr 3,August,21,8,2025-08
2025,Qtr 3,August,22,8,2025-08
2025,Qtr 3,August,23,8,2025-08
2025,Qtr 3,August,24,8,2025-08
2025,Qtr 3,August,25,8,2025-08
2025,Qtr 3,August,26,8,2025-08
2025,Qtr 3,August,27,8,2025-08
2025,Qtr 3,August,28,8,2025-08
2025,Qtr 3,August,29,8,2025-08
2025,Qtr 3,August,30,8,2025-08
2025,Qtr 3,August,31,8,2025-08
2025,Qtr 3,September,1,9,2025-09
2025,Qtr 3,September,2,9,2025-09
2025,Qtr 3,September,3,9,2025-09
2025,Qtr 3,September,4,9,2025-09
2025,Qtr 3,September,5,9,2025-09
2025,Qtr 3,September,6,9,2025-09
2025,Qtr 3,September,7,9,2025-09
2025,Qtr 3,September,8,9,2025-09
2025,Qtr 3,September,9,9,2025-09
2025,Qtr 3,September,10,9,2025-09
2025,Qtr 3,September,11,9,2025-09
2025,Qtr 3,September,12,9,2025-09
2025,Qtr 3,September,13,9,2025-09
2025,Qtr 3,September,14,9,2025-09
2025,Qtr 3,September,15,9,2025-09
2025,Qtr 3,September,16,9,2025-09
2025,Qtr 3,September,17,9,2025-09
2025,Qtr 3,September,18,9,2025-09
2025,Qtr 3,September,19,9,2025-09
2025,Qtr 3,September,20,9,2025-09
2025,Qtr 3,September,21,9,2025-09
2025,Qtr 3,September,22,9,2025-09
2025,Qtr 3,September,23,9,2025-09
2025,Qtr 3,September,24,9,2025-09
2025,Qtr 3,September,25,9,2025-09
2025,Qtr 3,September,26,9,2025-09
2025,Qtr 3,September,27,9,2025-09
2025,Qtr 3,September,28,9,2025-09
2025,Qtr 3,September,29,9,2025-09
2025,Qtr 3,September,30,9,2025-09
2025,Qtr 4,October,1,10,2025-10
2025,Qtr 4,October,2,10,2025-10
2025,Qtr 4,October,3,10,2025-10
2025,Qtr 4,October,4,10,2025-10
2025,Qtr 4,October,5,10,2025-10
2025,Qtr 4,October,6,10,2025-10
2025,Qtr 4,October,7,10,2025-10
2025,Qtr 4,October,8,10,2025-10
2025,Qtr 4,October,9,10,2025-10
2025,Qtr 4,October,10,10,2025-10
2025,Qtr 4,October,11,10,2025-10
2025,Qtr 4,October,12,10,2025-10
2025,Qtr 4,October,13,10,2025-10
2025,Qtr 4,October,14,10,2025-10
2025,Qtr 4,October,15,10,2025-10
2025,Qtr 4,October,16,10,2025-10
2025,Qtr 4,October,17,10,2025-10
2025,Qtr 4,October,18,10,2025-10
2025,Qtr 4,October,19,10,2025-10
2025,Qtr 4,October,20,10,2025-10
2025,Qtr 4,October,21,10,2025-10
2025,Qtr 4,October,22,10,2025-10
2025,Qtr 4,October,23,10,2025-10
2025,Qtr 4,October,24,10,2025-10
2025,Qtr 4,October,25,10,2025-10
2025,Qtr 4,October,26,10,2025-10
2025,Qtr 4,October,27,10,2025-10
2025,Qtr 4,October,28,10,2025-10
2025,Qtr 4,October,29,10,2025-10
2025,Qtr 4,October,30,10,2025-10
2025,Qtr 4,October,31,10,2025-10
2025,Qtr 4,November,1,11,2025-11
2025,Qtr 4,November,2,11,2025-11
2025,Qtr 4,November,3,11,2025-11
2025,Qtr 4,November,4,11,2025-11
2025,Qtr 4,November,5,11,2025-11
2025,Qtr 4,November,6,11,2025-11
2025,Qtr 4,November,7,11,2025-11
2025,Qtr 4,November,8,11,2025-11
2025,Qtr 4,November,9,11,2025-11
2025,Qtr 4,November,10,11,2025-11
2025,Qtr 4,November,11,11,2025-11
2025,Qtr 4,November,12,11,2025-11
2025,Qtr 4,November,13,11,2025-11
2025,Qtr 4,November,14,11,2025-11
2025,Qtr 4,November,15,11,2025-11
2025,Qtr 4,November,16,11,2025-11
2025,Qtr 4,November,17,11,2025-11
2025,Qtr 4,November,18,11,2025-11
2025,Qtr 4,November,19,11,2025-11
2025,Qtr 4,November,20,11,2025-11
2025,Qtr 4,November,21,11,2025-11
2025,Qtr 4,November,22,11,2025-11
2025,Qtr 4,November,23,11,2025-11
2025,Qtr 4,November,24,11,2025-11
2025,Qtr 4,November,25,11,2025-11
2025,Qtr 4,November,26,11,2025-11
2025,Qtr 4,November,27,11,2025-11
2025,Qtr 4,November,28,11,2025-11
2025,Qtr 4,November,29,11,2025-11
2025,Qtr 4,November,30,11,2025-11
2025,Qtr 4,December,1,12,2025-12
2025,Qtr 4,December,2,12,2025-12
2025,Qtr 4,December,3,12,2025-12
2025,Qtr 4,December,4,12,2025-12
2025,Qtr 4,December,5,12,2025-12
2025,Qtr 4,December,6,12,2025-12
2025,Qtr 4,December,7,12,2025-12
2025,Qtr 4,December,8,12,2025-12
2025,Qtr 4,December,9,12,2025-12
2025,Qtr 4,December,10,12,2025-12
2025,Qtr 4,December,11,12,2025-12
2025,Qtr 4,December,12,12,2025-12
2025,Qtr 4,December,13,12,2025-12
2025,Qtr 4,December,14,12,2025-12
2025,Qtr 4,December,15,12,2025-12
2025,Qtr 4,December,16,12,2025-12
2025,Qtr 4,December,17,12,2025-12
2025,Qtr 4,December,18,12,2025-12
2025,Qtr 4,December,19,12,2025-12
2025,Qtr 4,December,20,12,2025-12
2025,Qtr 4,December,21,12,2025-12
2025,Qtr 4,December,22,12,2025-12
2025,Qtr 4,December,23,12,2025-12
2025,Qtr 4,December,24,12,2025-12
2025,Qtr 4,December,25,12,2025-12
2025,Qtr 4,December,26,12,2025-12
2025,Qtr 4,December,27,12,2025-12
2025,Qtr 4,December,28,12,2025-12
2025,Qtr 4,December,29,12,2025-12
2025,Qtr 4,December,30,12,2025-12
2025,Qtr 4,December,31,12,2025-12
